Reservation-id,Reservation_Status
62931593,1
70586099,1
4230648,1
25192322,1
80931528,1
64700386,1
16938050,1
90487908,1
5595445,3
17502557,3
92229895,1
27386334,2
76765181,2
40697301,1
63963888,1
27282946,1
8696141,1
52621292,1
21821230,1
12316731,1
93926052,1
5935873,3
56971851,2
72701445,1
27017349,1
60891446,1
27044174,2
88238517,3
61900789,1
64883577,2
55378041,1
53798465,1
60781799,2
94752419,3
60425470,3
96410589,3
41224708,1
74972878,2
50824748,1
94524482,1
32635033,1
92183172,1
28323092,1
86372652,2
19585428,1
42025914,1
85872241,1
16826564,2
80812644,2
64063500,1
39990516,2
71506176,3
70061836,2
25308221,1
75655661,1
41754532,1
87457897,1
33332229,1
43160739,1
76748822,3
35120015,1
40281701,1
27470890,1
18603967,1
65425620,1
42460243,1
2260132,1
20252884,1
15834405,3
90882609,1
76274266,2
13465422,3
4154680,2
4039529,1
6464114,1
21522961,3
25365627,2
22773391,2
14737797,3
39495485,1
69167054,1
46999433,2
23730056,1
65593958,1
1794817,1
568595,1
25540175,1
84281735,1
43117940,2
61747940,2
83033730,1
50132508,3
91149643,1
22294408,2
83629935,3
90562901,2
23362123,2
25574994,1
96601070,1
9849013,1
61268622,1
71369022,1
56819796,1
44480838,2
46997829,1
19493041,2
44705080,1
68317504,1
99142742,2
10932581,3
34186149,1
14986967,1
75352672,1
73587761,1
24225853,1
31053495,2
7544562,1
84009718,1
12848784,1
22206000,1
71645476,3
63933616,1
98523961,1
48949293,1
54039707,1
74268516,1
61747586,1
73468379,1
11357536,3
57315445,1
98107193,1
36317156,1
87140045,1
3858417,1
3484037,3
22152722,2
57476767,3
76342541,2
45672997,2
56546990,1
95346355,1
33870599,3
48651179,1
66744667,1
33429510,1
29185964,1
22782756,1
93139781,2
40786744,3
6137983,1
44476577,3
451424,3
36633039,1
59841829,2
86808792,1
44607177,1
94259414,2
93524061,2
40513594,1
97015202,3
94354381,1
49608182,2
12910803,1
7510007,1
81843718,1
2368054,2
38850660,2
86780562,1
80159546,3
31891030,1
65616811,1
50402056,1
60253225,1
58193137,2
10638256,3
89721533,1
39259056,1
81117513,1
62838233,1
16279861,1
81200609,1
67118671,1
49644870,3
50082265,2
20794778,1
73042352,2
18409964,3
70788551,1
42004070,3
34115215,1
84539295,1
60111231,1
56321763,1
17905639,1
52664408,1
98921286,1
46096867,2
51499029,1
9425826,1
61763538,2
68767075,1
24065252,1
56151689,1
95687144,2
51881559,1
32939582,2
269319,1
87676829,2
77358652,1
92544167,1
87927325,1
38001139,2
4542842,3
70512641,1
52717568,3
67352978,1
4734692,3
83194140,1
93223407,1
65758952,1
91585570,1
59665742,2
17786035,3
74306619,1
44014777,2
88020741,1
56480485,2
36492621,1
72255960,1
96786267,1
36743163,3
61808366,3
4084643,1
55305311,1
6656692,2
35268612,1
30099568,1
49913126,1
81650927,1
47515896,1
21898328,1
73043218,1
65630542,1
63409154,2
25080457,1
19836054,2
83975325,3
15293012,3
78131327,2
38344172,1
15136951,1
95066467,1
69364978,3
83076151,1
45815750,2
28146454,1
35190891,1
46923817,1
9659883,3
19358187,1
45244301,1
7243540,1
37331725,1
43649142,1
67311265,1
97787496,1
68829691,1
14898599,2
2208574,1
85411428,2
92473170,1
24920269,1
82468346,1
61464854,1
64260613,1
58562037,1
47934607,1
18473518,3
6174918,3
92692764,1
28515154,1
50675442,2
53261183,1
62286239,2
6723048,1
11135004,1
93506333,1
12386368,1
3680052,1
63716527,1
12431258,1
12946891,2
38282546,1
19585385,1
61708136,1
36684071,1
92236537,1
7934880,1
52580122,1
33053296,1
26818960,1
80423078,1
4535931,3
48747739,2
43683213,1
5025557,1
53985327,1
92923307,1
88450074,1
72110617,2
97619755,2
9236843,2
47095080,1
87587990,1
82451090,1
25553539,1
60362942,1
35025933,3
46262420,3
54353311,3
45625478,1
22498134,2
38550520,1
59567899,1
85263081,3
86272483,2
77150487,2
2718958,1
86529128,2
63593222,1
97907044,1
57117704,1
34139728,1
69755703,1
50295425,3
489569,1
20460868,1
34146657,1
44442423,2
61735297,1
16238707,1
98540026,3
16232630,3
88794796,1
52604895,2
92337882,1
9201042,2
91836596,1
16527896,1
41614945,2
29951275,1
75058864,1
95310373,1
73653384,3
32004848,1
53583531,1
58034214,3
98233510,3
4454983,3
672637,1
68525273,1
21361529,1
67048647,1
67690197,2
61528433,1
97727786,1
37595100,1
6302097,1
69754182,1
72259602,1
3641848,3
32731707,1
3556731,1
60940241,3
93897474,1
65715013,3
82670065,2
98928971,2
9907656,1
52294619,1
82509446,1
14366947,1
86425434,1
38431913,2
84678556,1
26967757,1
30037430,1
10378995,1
65525448,1
79897767,1
738956,2
52312220,3
12973691,1
1136559,1
85771728,3
83911057,1
78641911,1
56483609,2
97270148,1
22744114,1
3477007,1
11471017,1
65751836,1
78283725,1
68656076,1
34125677,3
29373913,1
32247205,1
70741695,1
74248187,2
92259027,1
3596204,3
23506394,1
65045531,1
98577176,1
59986478,1
94955605,3
35655135,2
23663674,3
99664548,1
59855510,1
18969348,1
26265371,2
55750229,1
89602422,1
90783462,2
34300225,1
46903391,1
80155697,1
27662142,1
6222390,1
85524525,2
37480007,1
55428598,1
65797493,1
20061960,1
47199087,2
10260418,1
9746752,3
67139468,1
60634871,2
53819054,2
89830064,1
33243297,2
34890362,1
35896451,1
34911706,1
25998722,1
97178538,3
649124,1
61367175,1
17460804,1
85973647,1
44925821,2
42420723,1
69893288,1
31899876,1
62575378,1
63669387,2
55667532,3
70405950,1
38224976,1
90491030,1
72970791,3
40483145,1
87800461,1
94525681,3
93422353,1
39341346,3
65817461,1
81624414,2
49497444,1
1164005,1
85925462,1
91210577,1
90397982,1
79389419,1
32941111,3
86861463,2
94442457,1
38607749,1
70560954,1
29388468,1
84899203,1
22945006,1
30689639,1
61622598,1
95414443,1
43581896,1
86078165,1
77062771,3
84263576,3
12584187,1
11256358,3
9122782,2
43778704,1
17470915,3
65940919,2
25192909,1
40113251,1
27380459,1
93153045,3
71846686,2
4363902,1
89617312,3
77224569,1
60284929,2
89154977,1
38987701,1
60529273,1
80988629,1
95564150,1
23565115,1
71925855,1
56594943,1
62896128,1
320974,2
61945559,1
51102079,1
17944404,1
74097915,1
72961577,1
9406065,1
31712999,1
772477,1
40876045,1
15525680,1
1220121,1
66373347,1
77485565,1
1709337,1
78783753,1
36118674,1
16034345,1
95411958,1
65283644,1
65974018,3
97308841,2
94035715,1
2780702,1
57537559,3
51223964,1
47840681,3
67776455,1
89529997,3
57812290,1
94519587,1
79663212,1
54828270,3
74811794,3
83345601,1
56570387,1
95026867,2
51381402,2
58074618,1
45015777,2
20609696,3
53246505,1
17367864,2
78968593,1
75176421,1
61418404,3
85020961,1
91920213,2
20137143,1
32345779,1
34956784,3
73216190,1
81278503,1
76449258,1
39481842,1
59827519,1
47252802,1
35043113,3
24583080,3
73050389,1
72460331,1
76872180,2
2132883,1
24137681,1
91676758,1
51264056,1
34657093,1
82768374,2
62247784,1
9209094,1
8727009,1
99694281,1
75890985,1
7334404,1
69203107,2
15049567,3
40660103,2
84200991,3
68582654,1
78684562,2
2255268,1
16921933,1
63837732,1
4731034,1
2823450,2
65338348,1
70252390,1
68425557,2
35313163,2
90162894,1
22124694,1
93127191,1
66087258,1
99927089,1
66271439,3
33981655,1
45405102,1
74623799,1
45329763,1
40057073,1
98869764,1
63689535,1
40679347,1
10231015,1
4768008,1
84146039,1
58162426,1
72961971,2
89192605,2
29711403,1
38619269,2
18739601,1
67221043,1
30962836,1
57123141,2
64247976,3
32539333,2
71881293,1
4498414,1
30658759,2
50848259,3
42166026,1
60918816,1
8554259,1
79685291,2
18061332,1
34182637,2
20209689,1
70923481,1
53176772,1
57825978,3
76289146,1
70522186,3
79469857,1
56567337,1
65100356,1
67322260,1
84520269,2
31754068,1
80079409,1
88645371,1
72759458,3
26478361,1
84805785,2
54353676,2
42664865,1
68053239,1
19544177,1
2042510,3
16366144,1
12280716,1
64301770,1
75984731,1
71615098,1
82440114,1
3633598,1
28676460,1
25997925,1
13468858,2
76193682,1
15938319,1
26316748,1
69906105,1
99146661,1
5100624,1
51555503,2
23378791,3
10181515,2
25247938,1
66900837,2
50504572,2
86339920,2
84106109,2
27926291,1
24563762,1
26614815,1
57297857,2
38096780,1
24372436,1
85819413,2
91042702,1
68953549,1
44390749,1
29163663,1
24744742,1
99742323,2
3494637,3
46430910,1
87687863,1
36272486,1
89842859,1
75033128,2
27927711,3
33515702,2
63063406,2
31874018,1
2474153,1
96647907,1
78617449,2
56358558,1
48419566,2
13868313,1
50918269,1
1097513,1
7640295,2
73305940,3
25777461,1
69099321,3
77466976,1
76053774,1
96792780,2
98761627,2
73437079,1
90953434,1
60335743,2
78402237,1
47994902,1
15981661,1
93844687,1
84852694,1
48273730,1
64483572,2
57590463,2
2516360,1
16393790,1
42746498,1
6013315,2
20914768,1
29868001,1
82789513,1
91924362,2
59292493,3
54269093,1
80007056,1
91930301,1
71591534,3
61340580,1
17562504,1
11362956,1
34700604,2
41874714,1
81399524,1
244000,1
65102091,2
96681770,1
3042934,1
10668465,1
12693432,2
84215591,1
80554215,1
5322069,1
32202952,1
38282132,1
78657053,3
73222811,1
91388609,3
83226738,1
32597237,3
77491577,2
64627593,1
83467621,1
39378946,1
30573845,2
76301539,1
15413452,2
59474405,1
18401635,1
76529547,1
7379978,1
12870914,3
38688367,3
51572415,1
61096650,1
84100297,1
66660796,1
82925803,1
49009601,2
80720138,1
82681968,1
46283531,1
36192374,1
87846915,1
964706,1
95722773,2
13090702,1
92563485,1
44574975,1
62829280,1
2519077,1
52702877,2
11817789,3
21486995,2
82240870,1
81843608,2
27177544,1
90373160,1
84805472,2
90287000,1
6372131,2
45982138,1
32649490,1
52362704,3
74782301,1
88582394,2
5778999,2
99865370,1
56993732,1
58545933,1
68090145,3
82015514,1
73986568,1
41768772,1
8639098,1
71066522,2
66271696,1
60976249,1
88813842,2
45257482,1
45205638,1
70883085,1
73940542,2
9181036,1
53524606,1
77246132,2
37867080,1
99805169,2
50339108,1
44021654,1
8853439,1
11103245,1
22592855,3
71025964,2
65651720,1
24262834,3
33720048,1
68422365,1
86629674,1
33621396,3
53001947,1
99468721,1
13977094,1
97698460,1
88107235,1
32880915,1
94103059,1
23934717,1
64829276,1
29933861,1
30948732,3
94698701,2
35653219,1
87537168,1
68550289,1
22356627,2
95289606,1
91802072,2
89261512,1
56446220,1
54890181,1
95094327,1
80509987,1
74754942,1
67380812,2
99756896,1
2430028,1
77648216,2
83191944,2
17684010,1
29226178,1
99708842,1
69210554,2
33465549,1
81670375,1
23380975,2
69729338,1
89183454,1
75878079,1
36265195,1
32969255,1
28930887,1
50815091,2
1881274,1
1155758,1
64172176,1
29271830,1
91401105,1
78336302,1
34951489,1
63801194,1
89966347,2
10808461,1
4406534,1
7602665,1
40660488,2
93569363,1
42802734,2
19595191,1
95357202,3
83609095,1
67585602,2
95974371,1
9625508,2
38099293,2
72649830,2
14660067,1
41232727,1
23402166,1
4984128,1
21210426,1
41447112,1
60634462,2
8234321,1
21742258,2
255736,2
87479737,1
44802651,1
6301724,1
7975341,1
3863462,1
20779713,1
72020813,1
10459657,1
69510797,1
61443270,1
47713030,2
61438557,2
39523483,3
60959311,2
68800796,1
30713627,1
3141740,2
44778691,1
40673727,2
86740083,1
45058735,1
50054962,1
66661559,1
11384099,1
1624305,3
97629136,1
12775174,1
68109958,1
98499290,1
82624659,1
20472760,1
87054305,1
18197773,1
442773,1
39873114,2
92146832,1
87410502,2
79043692,2
54551201,1
40962670,2
59372611,1
1482209,1
86239976,1
82771697,2
39319078,2
24387898,1
6229724,1
28534345,1
51997718,1
19167171,1
61117547,1
64788698,1
12960669,1
11787022,1
34818088,3
67165469,1
67459890,1
65155373,3
48498201,1
92165704,1
33247236,1
46678262,2
63491163,1
47950865,2
68385398,1
22697348,3
66088269,1
57011312,1
3061001,1
25175876,2
12286644,1
53403546,1
30929972,1
42702118,1
9235904,3
43987683,1
13579467,1
1829883,2
88992850,1
6830595,1
19915866,3
41278258,3
80670693,1
75433844,1
4318167,3
25692244,1
56763048,1
94230735,2
18759065,1
39385054,1
39295632,2
29101448,2
23973990,1
33218331,1
77697751,1
52593494,1
72754167,1
29525359,1
87476952,1
59685178,1
81641413,2
79100181,1
95245839,2
22640274,1
46795646,1
68422702,2
97204913,1
95444147,1
322633,1
98072286,1
21107683,2
71511156,1
46335826,1
68398987,1
8987123,1
12827854,2
43711013,1
79780211,1
31267900,1
99850766,1
52418975,1
65554993,1
41176381,1
21483630,1
46162917,3
12828035,1
22687237,1
8108399,2
94112231,2
97245300,2
82029052,3
43272362,2
69999465,2
74302517,1
57351878,1
15577242,1
82280845,2
3326101,3
32240604,1
54139621,1
80424676,2
47831746,1
70681972,3
26551703,1
100679,1
85458407,3
76449238,2
19023443,1
97569024,1
31790666,1
96561506,1
70812048,1
70771145,1
85065167,1
58312846,1
85446936,2
18683134,1
37261811,2
48590326,1
90511459,2
88402771,1
18609405,2
70536512,2
48723766,1
71682104,1
84472884,3
94540524,3
20081672,2
90498156,2
39862102,1
2986513,1
71020923,1
11050974,2
73947319,2
25148166,3
26200175,1
63700293,1
65966555,3
73094116,1
94797207,1
41802714,1
25360364,2
62913302,1
48317204,2
11679216,1
344030,2
26342770,1
2130705,1
47654490,1
21859676,1
9377354,1
57546978,2
7190821,1
14372532,3
69350556,1
40747350,2
64810591,1
41043772,1
21753367,1
80434987,2
37868684,1
51249933,2
80359817,1
49489899,1
23216017,1
88072468,1
23142597,2
81007808,1
54623562,1
18324699,1
75498272,2
1168199,2
47904671,1
55625010,2
93802723,1
60312495,1
27958779,2
54691652,1
146559,1
63061351,3
34952205,1
35587413,3
92386141,1
68007883,1
57477534,1
7771634,1
60610853,1
64099015,2
48980211,1
53361809,1
72565508,1
33983544,1
76884064,1
26480449,3
36637637,1
55159501,1
62075452,1
96603700,1
58434136,1
50250520,2
8551884,2
85496242,1
60183897,1
23295227,2
31423767,1
64465482,1
78474247,1
62561054,3
10245009,1
80245871,1
79192194,1
5827840,1
48867091,1
67906642,1
26314538,1
72862999,1
71352584,1
54379534,1
32829294,1
20971718,1
44936084,1
16012987,3
71421587,1
96874644,1
25404551,1
91368194,1
25128592,1
39421277,2
83073780,2
72464404,1
69692541,3
26635402,1
45065812,2
10977469,1
90675225,1
28449927,1
24375409,1
27550950,1
49442899,2
52865393,1
26100559,1
98967268,3
33902173,1
51494485,1
12503686,3
97884772,1
12243817,1
17410417,1
77507446,1
46167372,2
41551935,1
15561096,1
64106937,1
86772355,1
91274201,1
99710889,2
30492803,1
74914286,1
31427936,1
20205577,1
78337063,1
22339600,1
19874078,1
56326367,1
46598038,3
65740316,1
40028177,3
75646514,2
5152643,1
1105612,2
66485161,1
76426906,1
44654410,1
90528802,3
12965017,2
49823963,1
57078122,2
49531178,1
61878166,2
33810479,1
73771918,1
38371274,1
91007713,2
59377797,1
77291288,1
22691991,1
11024543,1
55315656,2
59995428,1
43061646,1
34458985,1
81263177,1
86380742,1
32894739,1
11831033,2
9536552,3
65456983,1
77304094,2
51453126,1
89330598,1
45527180,1
23711406,1
18858868,1
59430808,1
43117469,2
53807169,2
23758133,1
56271369,1
75383675,1
15776314,2
7353440,1
50671309,1
16988296,1
59097958,1
68141368,1
41782313,1
37579960,1
13925964,1
76438193,1
17183138,2
92185592,2
86429823,1
33147964,2
81894339,1
51268497,1
1387022,1
93019323,1
97808763,1
89514467,3
66229306,1
94180843,3
84993696,2
98839800,1
385120,1
87732768,1
92762969,1
83085916,1
10618184,1
26680071,2
12981748,1
59549278,1
9526815,1
81392523,2
60572413,2
39246430,1
3094636,2
20506586,1
69117467,1
69787976,1
81349158,3
51743437,1
49476942,2
71839850,1
89341744,1
93008272,2
2219837,3
41751726,1
66838564,3
6724635,2
2241902,1
86151761,1
80147569,2
7101365,1
44511291,1
88079653,1
52865260,2
33218313,3
34824911,1
58810231,2
58130671,2
85207721,1
93964114,1
59789215,1
4649037,1
58358126,1
4650785,1
44716312,2
43314265,2
12961368,1
64349345,1
4588276,2
62187682,2
65922130,2
56454382,1
15154520,1
73935467,1
32794287,1
71999295,1
59532442,2
6634001,1
14908846,1
30991152,1
21915580,1
88370208,1
46845932,1
94592577,1
8139697,1
48116251,2
29726119,1
98939344,1
23964548,1
36722406,1
82038699,1
21051428,1
37198035,1
73884821,1
66522950,1
80729114,1
60290818,1
84211221,1
93372712,1
26270930,1
25714167,1
48131698,3
56723341,2
73052957,1
83968500,1
29536498,1
41275836,3
62914733,2
12030000,1
10180058,1
2712446,1
46374832,1
6155515,1
77919222,1
67485233,3
32731314,1
49308675,1
13300044,2
97331668,1
57298799,1
95496525,2
48044351,2
10344640,2
1860691,3
30032094,2
52576883,3
83216764,1
21313241,1
75104688,1
26077976,3
56731782,2
11755297,1
3995196,3
55448267,1
63331247,1
423519,1
92672803,1
41823717,1
15869969,2
61297830,1
13844550,1
45326867,1
48394298,1
69388614,2
5166281,1
39154996,2
834471,2
10032261,1
76697462,1
12103210,1
59820162,1
12266886,1
54070340,1
96352434,3
35245843,1
87923139,1
56960414,1
96042376,3
4577940,3
91978599,1
22850339,1
94106138,3
7684286,1
70709751,1
8399281,1
99113400,1
22778822,1
16044174,2
41842808,1
22463820,2
77617534,1
47527250,1
27900391,1
98411832,1
67344420,2
67746547,1
43473465,3
95756858,2
87840884,1
10958598,3
75104092,3
25633505,1
22101459,3
76431464,2
38684336,2
92476858,2
45200833,1
88957616,2
57085019,1
38696010,1
2798037,1
54374290,2
37171306,1
27965213,2
536219,1
69557488,2
92635162,1
55668964,1
77747162,1
77213711,1
50413354,1
46148474,2
30884270,1
45601437,1
38810153,1
90947336,3
64809030,2
47504653,1
85537455,1
64805405,1
13543115,1
6450455,1
71846898,1
25442004,3
46009929,1
99982225,1
2293656,1
61097617,1
53979776,3
18055208,3
30723442,1
34210726,1
62585112,1
57055232,1
62074286,2
55645316,2
2221573,1
11628282,1
52522070,1
99051077,2
7576530,1
68285617,3
22876778,1
30772530,3
28027298,1
54822029,1
12402536,1
42883842,3
29453719,1
99528131,3
15938091,1
68333080,2
12447784,3
6280972,1
62412818,1
46733506,1
18609182,2
51293574,1
16841366,2
24341514,2
92081153,1
2982616,2
78317376,2
26590311,1
9222955,1
84792801,1
72211200,1
98482889,1
74399157,1
9784901,2
84087248,1
2466496,2
5798406,3
10805856,1
74038897,1
76166687,1
70256430,3
99539532,1
27774731,1
83108063,1
6453675,1
70095267,1
10866821,1
42285667,1
6541697,1
298258,1
94997431,1
68526693,1
64493971,1
35060342,3
63755975,1
30597945,1
59019732,3
54874457,1
54153141,1
16928467,1
78017410,2
24066672,1
11344846,1
47718960,1
18063859,1
48947279,1
73170938,1
35679838,2
38262540,2
22808223,1
54960834,1
8615769,1
15612750,1
35364024,1
82832190,2
5851697,2
83584833,2
71309814,1
63792048,3
21168262,2
55655549,3
91294583,1
65487723,1
85150317,1
37320281,2
69474947,1
78619486,1
85348285,1
14680676,1
63111394,1
76479422,1
31645350,1
78326224,1
90661793,3
25838820,1
98918449,3
60333915,1
74267204,1
97374427,1
79409258,1
48860043,1
30125722,3
5207284,1
76354945,2
78016591,1
47661716,1
66083124,3
21201121,1
42701655,3
70452869,2
99599082,2
41421084,3
70476396,1
39944616,1
18432525,3
73203994,1
26615892,1
35122476,1
4882237,1
21645389,1
83031683,2
75054217,3
70316383,2
58509971,1
72766823,1
30963900,1
67478845,1
15271098,3
67570740,1
83674014,1
7307988,2
97205512,1
49059940,1
63290286,1
48293717,1
79607632,1
49317412,1
55594999,1
44074683,1
49344213,1
36336995,1
11853594,2
91734377,1
20227183,1
1265547,2
51735086,2
87646214,2
95376728,1
37469563,3
37633288,3
18228713,1
55647895,1
38157546,1
97318445,1
82754814,1
33911269,1
75188130,1
61833829,1
40313708,1
48031238,1
11834483,1
22731352,1
52792899,1
45638406,1
16961545,2
9528344,1
60252468,1
97393857,1
69172836,1
92622070,3
42478621,2
72967028,1
95075959,3
21543690,2
83646596,1
84621589,1
78623723,2
54339997,1
53359936,1
52499554,2
32754623,1
51605539,2
52547915,2
80338288,3
94586433,1
80916902,3
99259352,1
80523635,3
47232512,3
3843255,1
7628369,1
84297555,2
20086711,1
8245282,1
65627144,1
81225306,2
71797829,2
91683299,1
4440528,1
55454923,2
61081612,3
83804555,3
95319204,1
49618143,1
78710175,1
96462721,1
69441406,2
47358170,1
21007556,3
74220194,2
86167775,1
74789631,1
26698230,2
98365493,3
1623211,1
30332079,1
79247958,1
6146859,1
87000052,1
76695249,1
29713558,1
9907801,1
9317491,1
25780833,3
21098527,1
85936303,1
37055225,1
64574136,1
60991661,1
26136545,1
95327958,1
79736508,1
7734288,1
72492324,2
38294195,2
19164874,2
85685705,1
32601571,1
82920139,1
71071216,1
31439444,2
71728834,2
67895136,1
94618632,1
26641241,1
97765897,1
67462384,1
92843509,1
47546011,1
32481134,1
19037297,1
6867527,2
18738048,3
91247576,1
28348117,1
14776929,2
88946501,3
60198776,1
46882893,3
32891408,3
83953970,2
50560181,2
52490175,3
31978954,3
92943593,1
77390700,1
79076594,2
8334519,2
81577179,1
8584289,1
11599120,3
45473652,1
5909549,1
49689234,3
37334356,1
48431379,1
90897814,3
13411865,1
81303565,1
84587880,1
53849700,2
76739157,1
35894492,1
15576528,2
37326239,3
21551504,1
20748907,1
87138372,2
66875030,1
12482222,1
30603259,1
16621201,1
49459908,1
65324279,1
44524349,1
68518967,2
67638190,2
28701425,1
31825028,1
50781984,3
57645092,1
60731930,1
1049488,1
93125226,2
47779427,3
23910370,2
95762631,2
51245266,1
31656607,2
39233359,3
45217885,3
90697590,1
17473992,1
65377461,1
16315798,2
97368251,1
55295718,1
26941717,1
16214362,3
48306430,1
66830972,1
65237582,2
61940550,1
1384720,1
51845553,1
30442529,1
19693266,1
25532421,1
78552256,2
27935584,1
37133968,1
75078090,3
46138443,1
90018189,1
75038038,1
13666585,1
48146893,1
48234921,1
73228748,2
62956131,1
95425926,1
24147362,1
80924116,1
4431018,1
89126590,1
76107510,1
19447668,1
28032096,1
98154983,1
16442638,1
21374488,1
20352990,1
62553001,1
17358202,1
82328228,2
32732253,1
44499858,1
92341843,3
38093978,2
24552370,1
83651671,1
13648146,1
7952936,3
90405063,1
71365967,1
86538332,2
13639344,2
68492935,2
22308123,1
27430394,3
16523014,2
99727808,1
15228342,1
8753114,1
25464158,3
74042706,1
87651378,1
48230750,1
9429360,1
89908453,1
59779632,2
53634788,1
86158783,1
72671408,1
95379227,1
98705794,3
23773248,1
53558353,1
62812607,3
8662623,1
57729089,1
30172004,1
68318,2
78725187,3
42471625,1
92539534,1
27777100,2
49896464,1
49627174,1
63452695,2
11839133,1
60252383,1
28203548,2
52145976,1
96245471,1
85619324,1
22689905,1
82119035,1
5613791,1
2790403,1
15246210,1
56761077,1
35673687,1
34662730,1
7891943,1
56720001,2
36833630,1
35333204,1
32631580,1
1241907,3
23434367,1
90964626,1
85846294,1
14411182,1
43504013,1
67541827,3
76235501,1
60141508,1
58831831,1
59293650,1
32836106,1
17183168,2
35902527,1
21646184,1
40824343,1
22052744,1
64189516,1
56300692,3
93449150,1
79235295,1
21613979,1
55967964,2
29913598,1
93742460,1
66606126,1
95367563,3
87162513,2
92526335,1
8076511,1
73847953,2
47385700,1
77966835,1
37579215,2
26243545,1
21812269,3
6409114,1
57392971,2
19767398,1
74060235,1
28124818,1
59580432,2
62540637,2
7264169,3
5706435,2
66555318,1
95070625,2
54944571,1
45080277,1
40542724,1
7274014,1
70068622,1
31012066,2
21220589,1
85837267,1
36695999,1
42331245,1
67143963,1
82558546,3
46947074,2
81821726,1
88317524,1
60382297,1
81119941,2
57582771,1
85868552,2
40289722,1
6666823,3
11419979,1
23989351,1
86757901,1
15881609,1
82764348,1
43713979,1
11630234,2
10541829,2
36609272,1
84098506,1
21494125,1
58302950,1
99413607,1
19139587,1
14888385,2
27094493,1
45385947,1
43085117,1
7364514,3
77274278,2
22997376,1
17609344,1
83192976,1
57651929,1
61485968,1
3010978,1
13423022,1
17963529,1
39614885,2
74112796,1
99961316,1
25328768,1
74919823,1
14077765,1
66663224,1
11924996,1
85784923,1
55834534,1
21059575,2
39641094,1
91483981,3
95837906,1
99115384,1
2807494,3
24671722,1
37407407,3
75873152,1
81972360,1
39205253,2
70090390,1
69060786,1
41876769,1
8660729,1
30724993,1
54740023,1
18875352,1
75507333,1
42531222,1
40092495,1
52686791,1
85760116,2
31854060,1
22982993,1
33090365,1
89945473,2
32184517,3
90067568,1
34291467,1
94509732,1
96965810,1
36949796,2
70461460,1
54763754,1
42329401,1
51368911,1
42331920,1
92432382,1
78524118,1
31843079,1
42704518,3
63345571,2
4855164,1
71229894,1
33514337,1
52000526,2
52287951,1
88808150,1
2830269,1
80494453,3
32905391,1
92326050,3
84380901,1
97127845,2
34116454,1
32647014,1
55240625,1
82651375,1
43453111,1
6771023,1
3354403,1
92039626,1
91014705,2
41921834,1
8901216,1
23480543,1
63573419,1
13346059,1
35396924,1
48803735,1
87535107,1
90563621,3
567520,1
86593443,1
47611611,1
39863741,1
28568441,1
38932769,1
28495940,1
77641549,1
36314529,1
33787722,1
50189940,2
56602311,2
48354691,1
33053560,1
83915119,1
36945931,1
88936756,1
1737355,2
94036739,1
32814808,1
98233883,2
75178481,2
52950446,1
10267064,1
16186505,2
51581940,2
93630028,1
2599721,2
63215234,1
90363870,1
70218719,1
52614588,1
94093356,3
40228729,1
69047112,1
68580741,1
6404502,2
1582051,1
18945676,1
75269287,1
46295940,1
21736444,2
43740135,1
82181502,1
55548773,1
22809172,1
54371670,3
95356183,3
25490845,1
68109512,1
69231911,1
48317103,1
94286691,1
72398284,1
79470190,1
70340980,1
16520129,2
21401468,2
5176392,2
96623093,1
45647795,2
29061949,2
66630075,1
36625655,1
53404048,1
50306620,1
87915215,1
11012785,1
55035543,1
90972458,1
58635173,1
6761650,3
38171346,1
33900019,1
80248967,1
9149580,1
58739528,1
62774962,1
93821649,2
69858344,1
60330243,2
18023232,1
44811514,1
89096698,1
32015244,2
41124676,3
9452383,3
3930633,2
55306217,3
80554370,1
1331314,1
61471691,1
20764931,1
80848701,2
87735680,1
13619724,1
6969326,1
97817763,3
23242377,2
41132575,1
74359998,1
54053297,1
3875231,2
96304410,1
6448686,2
42094348,2
82163596,1
6520839,2
54519834,1
80593075,1
94119065,1
7178635,1
45478068,3
82038862,1
75845281,3
21160037,1
91041527,1
20233226,1
60145766,1
70410069,1
45235935,1
67835297,2
76100039,1
35209776,1
15625213,2
99133983,2
28951321,1
69156739,1
15507498,1
76547659,1
96357259,1
99559083,1
821376,1
67772944,1
25442545,1
15246701,1
21540236,1
40945273,2
88171283,1
13918399,1
60156469,1
21116630,1
72833095,1
43414875,1
94132784,2
96385717,1
67103292,1
59514237,2
2761985,1
2933606,1
62686912,1
56910850,2
82119637,1
64336892,1
28127237,1
94622531,1
8278097,1
29401477,1
71789602,1
50482646,1
16482466,2
58855971,1
44548213,1
78789377,3
40806438,1
57225981,2
47419937,1
20930826,2
28640493,1
63284313,1
34084210,1
16599563,1
67413491,1
46031389,3
20611469,1
7632520,1
74186254,1
28611959,1
53978907,2
77208177,1
2860306,1
94469494,1
66634626,1
83613144,1
17791372,1
99093252,1
95980896,1
30462130,1
24922413,2
36220497,1
40943888,1
53149506,2
58929848,1
35680213,1
69625514,1
40665326,1
99540478,1
91191393,1
16816082,1
5736450,3
99983667,1
4573733,1
78517972,1
80964309,1
21330207,2
63664612,1
16986311,1
70505396,1
55367030,3
86896833,2
33956778,1
44554348,1
46230473,1
37578108,1
30661471,1
7221301,1
94435519,3
30748418,1
23437956,1
50323599,1
32843248,3
45793593,1
15887185,1
66012657,1
23681376,1
85736996,1
60720276,1
17163674,1
72936496,1
54626390,1
34419765,1
17888117,1
60864650,2
23042887,1
66433974,1
666132,1
59215945,1
32605634,1
30936101,1
39784316,1
33625952,1
11936177,1
65030844,1
97446206,1
86595261,1
38737039,1
70852148,2
80389421,2
36706344,1
29936957,2
27172170,2
74459820,2
51087244,1
66027714,2
85208762,1
51785456,2
32722328,1
53737487,1
80639834,2
68245487,1
45713644,1
49937267,1
78411646,1
72897675,1
33842057,1
12702180,2
38717177,1
89433940,1
54021904,1
69967622,1
60291591,1
84433888,1
15702164,3
76065213,3
39521489,1
5998494,1
41320514,2
75834254,2
59628430,1
28673384,1
4369827,1
29257603,1
84946359,1
70876117,1
21456165,1
54804465,1
73843827,1
54150702,1
98786540,2
11766725,3
77808399,2
65907427,2
41854541,1
74896913,2
48296501,1
11020388,1
19072516,1
12418634,1
96392114,1
70232648,1
75735531,2
69175215,2
47877428,3
30357650,3
68627965,1
15521597,2
19376527,1
84105893,3
74018757,1
95410517,1
16062235,2
94655044,1
94502519,3
4385357,1
96557505,1
19461767,1
47535626,3
65285406,2
48190646,2
28069446,1
49236600,1
9369840,1
72920145,1
89827902,1
56418668,1
83778742,2
26336774,1
46617747,2
37919284,1
24679238,1
95040271,3
3876164,1
99385590,1
72598452,1
38785514,1
8257569,3
71389331,1
76261387,2
16719556,1
32663506,1
90257774,1
23296133,1
23809941,1
5217889,3
95524050,1
36926571,1
71067545,1
53353292,1
96189027,2
37164880,3
59214795,2
24336138,1
75351540,2
15899310,1
72560627,1
53050317,1
25417262,1
91739069,2
54360132,2
90654567,1
19029978,1
11189790,2
47205081,1
91546337,1
48826872,1
29043136,3
47965107,1
64278704,1
17985203,1
12983207,3
29373373,2
36687931,1
81459626,3
27108493,1
71111440,1
88803149,2
84723394,3
53732246,1
31004904,1
7517295,2
53894059,1
55552644,1
57420976,1
40399457,1
54607373,1
11044554,1
89259368,1
68684345,1
88268647,1
24760448,1
46171023,1
2870792,1
30677082,2
15540089,1
73757245,3
1462177,2
18793172,3
83963841,1
66313022,1
85009039,2
51880016,2
16414600,3
4928450,1
5176461,3
19719003,1
74421482,2
68052061,1
80511705,1
83868873,1
31874437,3
66532704,1
5602531,1
33524206,2
33562366,1
43782499,1
22961342,1
1941539,2
85598872,3
60726824,1
66946104,3
22044835,1
48299101,1
75539291,1
28337143,2
42237261,1
51245683,1
71353816,1
70307748,3
34931226,2
32634125,2
1680848,2
7153963,2
47079899,1
54604267,1
5161606,3
24585612,1
45416884,3
59234068,1
30671382,1
37913197,3
63125443,1
62730966,1
99074318,1
64157734,1
82580400,1
74777460,2
34959687,1
3697070,1
37974333,1
52527664,2
78007563,1
24493315,1
1817674,1
88210355,2
46572024,1
8178372,1
86723970,3
40426530,1
48070965,1
94274354,2
51119810,2
48434972,2
4635676,1
9897969,2
29897604,1
70464681,2
27707783,1
67851211,1
22100032,2
81871701,2
74459603,1
78061498,1
30487379,1
49624866,1
84566653,1
3981304,1
71821319,1
41811970,1
72473363,2
16773311,1
58747197,1
2702381,1
71370007,1
88510220,3
18890240,1
74665912,1
35787620,1
41768326,1
25425435,1
26302860,1
79440276,1
75379447,3
50589132,1
66286173,1
25918619,1
3445810,1
50912194,1
29642533,1
14926974,2
3570329,2
31220447,1
4740795,3
9401922,1
51697178,3
94610318,1
65499556,1
25508651,2
59412156,3
63365535,1
27600896,1
63494858,1
83635828,2
39562102,2
48355423,3
6640212,3
50916685,1
80050598,1
89605726,3
89469436,1
85611729,1
71951116,1
11102949,1
23910849,2
86405278,1
43508845,1
36008287,3
58474241,1
30992036,2
3381629,1
60974504,2
86890539,3
43252131,1
13788744,1
52978650,1
4126993,2
59852160,2
70040292,1
31657072,1
96054174,1
98420696,1
37537421,1
6959951,1
51755164,1
73363323,1
84578425,1
80382754,1
89084501,3
81274869,2
21226601,1
80068679,2
96777385,1
8367520,1
58072708,1
13035485,1
75445816,1
36916427,1
80090733,1
59199131,1
52596495,3
9774120,1
81218997,1
63282371,1
59173240,1
186125,1
51595601,2
77569219,1
60531413,1
81392307,1
29087191,1
59808995,2
2200518,1
99888563,1
80219201,1
49721439,1
24081224,2
46121841,1
18250069,1
99905172,3
62280129,1
25776927,3
39454110,1
13360211,1
20532064,2
14473251,3
57266982,1
76697136,1
40767053,1
98954632,1
18694988,1
92868429,1
11144497,1
88569138,1
19960444,1
95154018,2
49476623,1
46144044,1
32347516,2
80636028,2
92497841,1
5184799,1
57614078,1
14150361,1
69042216,3
86752187,2
49842238,1
8276030,1
37469047,1
62004859,3
55515230,3
43072489,1
44924943,1
62261958,2
41326756,1
20039399,2
60605373,1
87063273,1
71759766,1
96846708,3
39233813,2
83398094,2
9655112,1
31092305,1
39877179,2
12089662,1
59122953,3
46618816,2
42853926,1
72235675,1
28342372,1
2815533,2
13062357,2
26212169,1
5912682,2
12734176,1
30148943,1
3194897,1
73185827,2
9922907,2
78711892,2
28346453,3
87707894,1
35237677,1
19225461,1
47087290,1
59949960,1
64813798,1
31862258,1
61384021,1
6796948,2
90334379,3
8269226,3
93140904,1
29696923,2
15050106,1
42053795,1
68294374,1
53321090,1
55020080,1
68460999,1
82148753,1
55538956,1
17754537,2
85735467,2
29320052,2
80963163,2
15647482,1
15119942,3
91914498,2
88124253,1
24407668,1
92644147,3
2360207,2
91027552,1
3664743,2
79679448,1
9519744,1
33271530,1
2544880,2
95039718,1
48523432,1
18222766,1
69875909,1
30530030,1
32690721,2
11340975,2
30132542,1
32318078,2
28764250,1
28259369,1
37811338,1
68365793,1
35754658,2
13156945,2
21310826,3
34734405,1
33700559,2
85430270,1
96969433,1
69954847,1
12135570,1
19785165,2
83079751,2
87928771,1
66718392,1
59276431,1
97680763,1
58652494,1
95665543,1
22706120,1
57487505,3
30502017,3
42521411,3
60237110,1
50401689,1
78474969,2
46144692,2
52783785,1
36340873,1
18551611,2
36658402,1
13044527,1
43156893,1
98391336,1
23546891,1
71707402,1
46003951,2
57957624,2
1679946,1
88167050,2
46497052,1
49515482,1
57696405,1
26167096,1
87216102,1
61525705,2
86301234,1
84289038,1
33952573,1
31533062,1
71964805,2
96564026,1
39007247,3
96175595,3
47497599,1
2779401,1
36486669,1
54636889,1
270739,1
84707642,1
26828492,2
46191018,1
73585217,1
88688437,2
38740299,1
21624794,3
90396970,1
6159749,2
79025173,1
56199920,1
2419621,1
24375047,1
78830846,1
57895353,1
98011948,1
57751678,1
28337106,2
8538143,1
32578242,3
7089432,1
54664487,2
58420277,2
14047601,1
74180798,1
8051736,1
83463363,1
24080952,3
64668984,1
90485905,1
62971454,1
91055582,1
87611063,3
95465145,1
16593694,2
88167854,1
39779838,1
35309774,2
55563615,2
3825093,1
97200646,1
69075868,2
5445605,1
59512426,1
9876890,1
25255256,3
71205723,1
26323134,3
46934932,1
59891372,1
37427197,2
75572859,1
20535113,1
86478908,1
67482233,1
74894134,1
79084011,1
28424019,1
76778136,1
29303076,2
35561690,1
63902824,1
98902255,3
21304533,3
29106978,1
9789669,1
70727545,1
80032625,2
75269874,1
347816,1
52766513,1
1661441,1
32536540,1
88317253,2
99432892,1
45082579,1
92826249,1
41289684,1
91499337,2
26825546,1
61403242,1
35520018,1
60947957,2
55151182,1
29934925,2
13560339,1
88231492,1
40455895,2
46711388,1
58642627,1
27423966,3
92975959,1
30579318,1
3274930,2
41768852,2
91337862,1
20733901,2
12208504,1
54209570,1
8310017,1
90097684,3
13616301,1
68723071,2
53999438,1
9957677,2
91882555,1
42182931,1
70865662,1
37861481,1
55182533,1
36974072,1
24329416,1
19313619,1
49344884,2
82339005,1
59127817,2
35223263,1
69504479,1
23206563,2
92906933,1
4354447,1
3879506,2
75723038,3
37951565,1
40694485,1
80043776,1
76098007,1
16062017,2
5528996,3
80370320,2
98051676,1
24176439,1
82707583,1
92310017,1
79312995,1
80965288,3
58376144,1
9641360,1
8403750,1
81678,1
17988084,1
68846006,1
16418699,1
3010614,1
33349350,1
47925466,2
49777120,1
38347130,1
43313459,1
56691236,2
41900837,2
8661790,2
81361048,1
75748204,1
42823975,3
29184390,1
29593077,2
75579638,3
48465854,1
84111173,3
92233317,1
58208062,2
70645370,1
49052791,1
29458063,2
84230988,1
10166775,1
59470907,1
51317943,1
81989231,1
82024238,3
40633245,1
75960220,1
5362475,1
51538566,1
4518196,1
70895504,1
45030976,3
93617561,1
14645675,2
87407504,1
3780289,1
15781542,1
97616455,1
70804354,1
45160878,1
54552786,2
17632027,1
84079849,3
21824644,2
57875793,3
56185944,1
32167088,2
44221051,1
13826520,2
46670998,1
64289216,1
13359234,3
74151871,2
52322607,2
5357530,1
40252696,2
23936758,1
9774315,3
5463608,1
34567776,1
77961604,1
89301570,2
49924744,2
40180588,1
44131930,3
12432163,1
96014648,1
83809325,1
62042936,1
86142531,1
90668370,1
32259435,1
67145022,1
31919708,1
40515443,3
35774455,1
31891893,1
29898311,2
30664442,1
52437505,1
84445284,1
69515849,2
59020640,1
53392793,1
36350481,1
55932464,1
86379722,1
52761186,1
50053556,1
65417282,3
64112281,1
83376702,1
63775581,2
58981259,3
80043068,1
85742659,2
58855928,2
38971443,2
12132975,1
13564349,1
73440738,1
48400737,2
20209050,2
99768059,1
44634095,1
71041144,1
33706540,1
8343209,1
67706425,1
96411439,1
78152393,2
58022034,1
9276907,2
42655220,1
60156416,1
56832957,1
34645568,1
82233568,1
14040381,1
82457164,1
78386222,1
52140827,1
99504386,2
32122798,1
94507004,1
72273997,1
8044746,2
24666943,1
91406313,1
6897059,1
71267014,2
86353990,1
9680626,2
87981107,1
42021313,1
33664109,1
7436914,1
29082910,2
40971164,2
31750933,1
74211924,1
23862781,2
31657046,1
13008289,2
8821462,1
46653198,1
60153298,1
76924789,1
51970988,1
90976697,2
1605307,1
89483523,1
48499597,3
6115177,1
85270953,1
15430940,3
11768202,1
12276541,1
6035399,1
3107199,1
68552003,2
53044314,3
33847831,1
25686256,1
16811925,3
90444684,3
21328137,1
55657421,1
69548174,1
59517535,1
29646730,1
61982616,2
47733605,1
58176078,1
23433272,1
92037183,2
16992131,1
6921689,1
33759473,3
10633461,1
96872439,1
60596219,1
78025067,1
50037536,1
24132975,1
24000268,2
46910023,1
94529553,1
28097978,1
78172612,1
39218516,2
41416231,1
96023233,2
77595169,2
61928075,1
71376557,1
2046379,1
42892740,1
95159841,1
68942111,2
14300922,1
38678906,1
11447807,2
41468943,1
70128613,1
37262923,1
36881920,2
22029711,1
8890349,1
97219524,2
45862523,2
63320405,1
74526560,1
96125366,2
58500708,1
33488678,2
12461550,1
89400642,1
67297100,1
44740965,1
170262,2
18256489,1
2772481,1
46694670,1
89737750,3
34953220,1
53742626,1
73718478,1
28425796,1
77230004,1
75956394,1
40461769,1
36929721,1
76124541,1
35070827,1
42512939,1
85539756,2
33231743,1
1091785,2
3075322,3
65986979,1
70052538,3
49935952,1
73472197,1
24463258,1
64308761,1
69636439,1
94909263,2
62123939,1
95161963,1
70594924,1
71170113,1
15525190,3
64699400,1
16724226,3
98744420,1
34803919,1
64183006,3
15975682,1
52975308,1
28532716,3
59747859,1
29385574,1
56084322,2
35824430,1
99963374,2
21192670,1
45349612,1
48957874,3
27360299,1
13194965,1
81143013,2
54395889,1
18489222,1
20435071,2
12398220,1
41212022,3
32333069,1
94535097,1
72372404,1
73417691,2
75305032,1
28997148,2
25841461,1
26030337,1
1953580,1
13524818,1
11815684,1
97540030,2
23452576,2
57635980,1
11556825,3
37361776,1
90111343,1
11115920,1
51711788,1
98114130,1
73958176,2
96231171,1
94396305,1
84982938,2
8508585,1
28036578,2
32231749,1
99780059,1
5359620,1
59912200,1
20907283,2
83396143,1
32399099,3
60848898,2
89394532,1
82321085,2
44045426,1
55559192,3
95672372,1
27103927,3
20374345,1
67550852,1
27674334,1
28080051,1
21483726,2
93554846,1
29084390,1
45575408,1
32348035,1
15284459,1
14045823,1
93246235,1
69266901,1
53140144,1
30031759,1
41419594,1
43323817,1
94035554,1
70484443,1
38866584,2
73743436,1
85987662,3
49478694,3
34908703,1
16174593,1
87844313,1
19699415,1
31807054,1
79732402,1
6411393,1
76709241,1
68056564,2
51155164,3
50762463,1
63169191,1
49703830,1
32169144,1
25791519,1
27006175,1
45875655,1
51048181,1
54946262,1
63845366,1
10917183,2
69111446,1
76394626,1
54281580,1
22086444,2
38782532,1
64967382,2
18608105,1
66857055,1
86269490,2
42287466,1
49736975,2
39533911,2
91280158,1
84338448,1
63039621,3
99458209,1
89397298,1
78641429,1
23419208,3
27991318,2
25472189,1
74696609,1
50285280,1
77318122,2
45980076,1
47217794,2
17717070,1
16502953,1
92452276,1
3598365,2
26647318,1
51559934,2
23824685,2
97949775,2
91887206,3
24042158,1
66543081,3
34060298,1
77755399,1
40693363,1
8154649,1
64839692,2
15547118,1
38501450,2
75669488,2
60677854,1
20178890,1
34614769,3
75090181,1
79029706,2
81508680,2
58069469,1
44916218,1
1685459,1
20733781,2
65680484,1
6867161,3
24027080,1
4218270,3
9466328,1
79025791,1
71187328,1
23312836,1
36715747,3
33879061,1
9499749,1
56491901,2
1387127,1
38074307,1
76952916,3
20157067,1
98016574,3
41061702,1
50766719,2
30199788,1
65016126,1
16011475,1
32985246,2
44464301,1
56958344,1
56410826,1
92345513,1
82982243,1
51269573,1
28364505,2
65380214,1
98072299,1
10320378,3
2932650,1
23585742,1
36074136,2
64760882,1
51593155,2
55445779,1
35009895,2
68418686,1
65599582,1
25820175,3
68035229,1
28833166,1
41425341,2
58311738,1
83757012,1
60615184,1
22481240,1
79570796,1
4361111,1
63142605,1
80585790,1
37060437,1
93048459,1
24981388,1
95622814,1
67621432,1
59723061,1
78603381,2
48632769,2
74287338,2
41781762,1
17128844,1
84792555,1
51355895,3
36581126,1
66794149,1
99788805,1
77563290,3
79597646,1
51413984,1
35156122,2
51808526,1
17099110,1
52850356,1
90651507,1
11087668,1
63240558,1
81881111,1
88133496,1
35455640,3
54755996,1
33080564,1
91606818,1
12513368,1
91065750,1
73254301,1
30370834,1
70064566,2
49167094,1
21265207,1
77480351,1
59991115,1
27550361,1
5501043,1
93422710,2
74469490,1
14633382,1
29425643,1
48596865,1
82490494,2
43807016,1
33326092,1
46287493,2
19937784,1
84097363,1
51978997,1
6297590,2
54975055,1
79449892,1
84170863,2
31766860,1
1943781,1
15949285,3
21018214,1
91848348,3
36357383,2
93392955,3
68720576,1
39840385,3
43103689,2
86020479,1
79391984,1
22491516,1
77035494,1
60903382,1
82835414,1
30226496,1
96368907,1
3315865,1
78803291,1
43720485,1
28950822,1
59838276,1
14453687,2
26062343,2
22859707,2
21117101,3
68605119,1
86606491,2
42095382,3
88229451,1
77036161,1
8112723,1
97510716,3
22022550,1
69339655,2
76349716,1
41752413,2
52184197,1
69081704,2
90974885,1
79609213,3
4084538,1
69868771,1
47661210,1
52159614,1
8873500,1
93141583,1
34278659,1
69096534,3
78443530,1
601991,3
91153188,1
9325107,1
74225841,3
11123497,1
65684315,1
61133840,2
24760804,1
33738828,1
75391182,1
48709086,1
45008962,1
77890169,1
51893040,1
71288086,2
32673115,1
80144574,2
18578857,1
74478347,1
42160069,3
61118540,3
84586800,1
52997661,2
96000957,1
14236935,1
71888519,1
43508015,3
12710778,1
55683065,1
85890024,1
69267026,1
52842269,3
73885607,2
91198223,1
49360363,1
92643227,1
60483772,1
2826441,1
74252225,1
81359973,1
24636333,1
71448679,1
64301882,1
84054071,1
45725789,1
54949929,1
11011648,1
80963200,1
90956049,2
58219835,1
98151078,1
77564925,3
97074277,3
69798043,2
10389848,2
7953226,1
33603221,1
96550777,2
48052058,1
70105896,2
6236224,1
50564676,1
89506805,3
22492930,1
52883889,1
87784488,1
16632029,2
63564229,1
10368590,1
10077780,1
20823899,1
50038244,1
37795428,1
76797489,1
86446676,2
25994934,1
2880443,1
77053284,1
54353735,1
3041935,1
28834837,2
79436965,2
42517913,1
12897286,1
12279628,1
98691347,2
40692062,2
8328650,1
29493580,1
4302872,3
22721969,1
67863005,1
5465507,1
28215712,1
88662052,1
85784851,1
90259023,1
66917097,3
46927414,2
79003992,1
43589330,1
69579496,1
17697235,1
67048042,1
54720311,1
82179464,1
22078718,1
17251081,2
14776869,1
90647344,1
67360986,1
57321565,1
10189754,1
67528158,2
87725424,1
25764511,3
91619239,2
37487796,2
35974817,1
55415333,2
83833680,3
34867391,1
93083297,2
31322959,1
42020599,2
89573753,2
21660813,1
64689995,1
65480655,1
32884564,1
64549785,1
48234016,1
14975639,1
87702988,3
63474607,1
70182335,2
44250838,1
45771986,1
94745006,1
8750847,1
86481108,2
15562439,1
14513938,1
27264089,3
82791862,1
52558030,2
66535810,1
277642,1
93001863,1
63825297,1
24360138,1
74953228,1
46154080,1
9832346,1
67195129,1
32161363,2
65938569,3
38089739,1
68541604,1
77772641,3
4375391,3
90657517,1
54100615,2
56969143,1
75741596,1
41174679,1
16886464,1
18666088,2
54333731,3
15889025,3
71160973,1
94148846,1
32454337,1
76322952,1
15382008,3
40302364,1
98866681,1
24007914,1
17918752,2
66821869,1
60224010,2
17682658,2
58490124,1
1555072,2
12589360,1
85974855,2
21627230,2
88032467,1
81084120,1
17930712,1
56830669,1
64697940,1
11502555,1
10267337,1
23546054,2
92780633,1
43176906,2
36024696,3
81701168,1
19537665,1
95446220,1
74293588,2
94529955,1
58798033,1
63865731,3
91284312,1
23299874,1
83322822,1
79904602,1
74244681,1
46693728,2
60498359,1
67611314,1
59871565,3
69567130,1
65851096,2
25877752,1
74419226,3
77705844,3
32676822,3
23129452,2
8692720,1
59872516,1
16942238,1
79544507,1
15983429,1
63121887,3
1967914,1
62592693,1
41656118,2
82939885,1
86302552,1
81174351,1
34237764,3
98544207,2
97535904,2
31000175,1
66931336,1
85382769,1
14749234,2
18783261,1
82834834,1
88078115,1
36602622,1
85756898,1
80082187,1
58662402,2
59321302,3
36934613,1
35191970,1
88607875,3
57815204,2
62696039,1
30118505,1
81148572,1
56176771,1
74247749,1
46895031,1
97889068,1
10812243,1
14039467,1
66678320,1
5779776,1
61116273,3
88153458,1
77586745,1
48135661,1
84970817,1
52577695,1
24140636,3
71536623,2
2799133,1
9610536,1
36798291,1
26150560,1
52993365,1
23665263,1
33127196,3
78080799,2
48015981,1
58767893,1
53950140,1
81120471,1
72507047,1
31581735,1
45795062,1
54142083,1
25861312,1
60953696,1
36573525,3
39671251,2
56616808,1
63407075,1
41544376,3
44910548,2
28676961,1
69222305,1
96377889,1
73975676,2
8676478,1
45910206,1
12303537,1
15788948,2
26885156,1
69893964,1
12903539,2
97347506,1
74208048,1
60585095,1
33972372,2
84566711,1
71548364,1
22202620,1
20448920,2
23189921,1
56213975,1
59228619,1
18016188,1
7040062,2
44502182,2
70638927,2
35708047,2
1170383,2
77899270,1
40843503,1
62026691,1
14378064,1
98127081,1
15795355,1
57321214,3
36350903,3
26288393,1
32699180,1
20453306,1
23179237,1
89545526,1
8040376,2
35282149,1
56974171,1
88887441,1
25682177,1
87277430,3
77219808,1
40486108,1
28169827,1
96524941,2
48599614,1
94459240,1
38792306,3
19657360,1
6826517,1
73217991,3
68732894,1
93521831,1
5922414,1
52289043,1
92845410,1
41077345,1
88420049,1
9415719,1
31928314,1
29595879,2
38433129,1
96638982,1
22853024,1
65379771,1
11325131,1
32517693,1
20387403,3
7642542,1
364943,1
85857604,1
57471522,3
27605390,1
8467660,1
15480493,1
83517929,1
59757804,1
29524470,2
98273609,2
46140550,1
96703306,3
37360622,1
93588746,1
58359114,1
91928761,1
72841948,1
77883978,1
74138576,1
87503053,3
88792349,1
599214,1
72504909,1
59482929,1
77732096,2
70164529,1
84358496,1
97734194,3
40184631,1
26483968,3
24599069,1
60520197,1
57904332,1
24226353,1
42773100,1
3814708,1
13917384,2
72119075,1
83011565,1
50448485,2
94850185,1
95309953,1
84964214,1
20229941,3
74560625,1
92416157,1
10254346,1
23421091,3
97443733,1
19945229,1
85484083,1
57389023,1
25701353,1
13024554,1
40023315,1
42514040,3
45774870,1
63204078,1
49879463,1
59792563,1
54213805,1
60849144,1
25466810,2
35339650,2
16106254,1
42692820,3
4200633,2
2313815,3
58759707,1
61585463,1
95814624,1
58684535,1
93217908,1
81938801,2
75657101,1
41548858,2
70627269,1
65601723,2
24961883,2
19349186,1
50437405,1
14057680,1
26683479,1
26973950,1
29006412,3
46285920,1
17880925,3
13892749,1
74971618,2
13640099,2
6964297,2
2748409,1
17288153,1
98209447,1
91889766,1
99656767,1
5375362,1
71090110,1
77199996,3
19469053,1
53207109,1
4120239,2
96176164,1
79962843,3
61490261,1
48383185,2
76600577,2
14627738,1
98110449,1
83778673,1
94299627,1
78436081,2
56146153,1
98454933,1
34694521,2
98201214,2
15829463,1
13272507,1
76251993,1
89853617,1
62730924,1
94560080,2
50005999,1
32325645,1
50171942,1
35443354,1
35270811,2
64853709,1
11199287,2
2575250,3
41648663,1
70219402,1
65957289,1
12203470,1
85579112,3
11889016,1
16468511,1
1167387,1
11339812,3
7920872,1
48741448,1
30223353,1
15610275,1
1810553,1
53047613,3
48607136,1
73331087,2
24183909,1
41152853,1
24604581,1
75105317,2
38109881,1
60576794,2
77372808,3
28784463,1
23542709,1
95097963,1
90062539,1
9245676,1
57160323,3
86980475,1
74758107,1
68976923,1
93124907,1
91419848,1
56031245,1
84006113,1
13662184,1
11802223,1
82992616,1
7558708,1
46081142,1
64649150,1
22202555,1
54050794,1
69378215,3
85352780,1
31526436,1
42095357,1
89633217,1
22749051,2
25004977,1
44480495,2
2188279,1
40954540,2
85338934,2
53041063,1
63757474,1
55143777,2
36522129,2
23638110,1
39232043,1
76680422,1
6222803,1
42680425,1
15904978,1
80135676,3
10399724,3
72355711,2
10459406,1
74163737,1
71558209,1
5044049,1
46682599,1
35918456,2
3579474,1
44420917,2
99813528,1
51896528,1
16362752,2
77179406,1
81586941,1
467884,2
61637513,2
99852657,1
1148423,3
98114435,1
97195074,1
21159591,2
21909264,3
99862908,1
76710382,1
52268167,1
16474252,1
70690714,1
30017615,1
86976953,1
88308056,2
50917667,1
17461771,1
83283381,3
75857220,1
76694526,1
89325181,3
26077249,1
28157668,2
21195456,1
11460475,1
63168632,1
95565122,2
57425482,1
69209749,2
5307468,1
58093414,2
55680589,1
27999663,1
39101494,1
66949306,2
84219671,1
39993085,2
89738311,2
30027962,1
91731808,1
89947218,1
58113980,1
6854770,2
53201358,1
34436649,2
81874766,1
47178282,1
57337146,3
90936664,2
44204207,1
77456482,3
54320792,1
51127166,1
94854737,1
93307776,1
90684258,1
77529918,1
49783235,3
68485953,2
93597251,2
33298030,1
3494446,2
94804906,1
61270823,2
5007859,2
8010241,1
62481790,1
22835093,1
72639617,1
41370068,1
1249796,1
10147080,1
79085913,3
2753916,1
42690957,1
4149049,1
33385493,1
25770218,1
95240894,1
8595533,1
85468719,3
87121707,3
37138963,1
47888935,2
64504529,1
95235623,1
74132398,1
43374264,1
16334171,1
92821868,1
10772755,3
53562206,3
47451445,1
66890132,2
17478828,3
17123905,2
17483904,2
83554669,1
85524948,3
64583800,1
29264148,1
44691064,2
39116372,2
41709663,2
75781077,3
82349888,1
79607508,3
47488440,2
10867215,1
39613499,2
18450757,1
12759662,2
69922907,1
64718347,1
59982199,1
51826076,2
837324,1
55272919,3
97495395,1
692792,1
53450026,3
81824830,1
1350546,1
12347970,1
80676221,2
34835499,1
57227609,1
21837670,1
61046063,2
33513356,1
74078683,1
86231027,1
82330162,3
13361636,1
66620608,1
64179278,3
72253281,1
80930146,1
81943652,1
76966,1
65080382,1
23588989,1
29220509,1
26722895,1
38025635,1
92007217,1
78675278,2
25628403,3
95629724,1
28120091,1
39110574,1
5496554,2
59004046,1
65838682,1
14474101,2
